zipcode,state,description,viewport
7029,NJ,Harrison,40.7542729:40.733501:-74.1367609:-74.166087
7030,NJ,Hoboken,40.759119:40.7303209:-74.015677:-74.044117
7041,NJ,Millburn,40.752908:40.7121761:-74.285158:-74.3178959
